sentence_id,token,tag
sent_001,Cong,B-PARTY
sent_001,ty,I-PARTY
sent_001,A,I-PARTY
sent_001,ky,O
sent_001,hop,O
sent_001,dong,O
sent_001,voi,O
sent_001,cong,B-PARTY
sent_001,ty,I-PARTY
sent_001,B,I-PARTY
sent_001,ngay,O
sent_001,15/03/2024,B-DATE
sent_001,tri,O
sent_001,gia,O
sent_001,500,B-AMOUNT
sent_001,trieu,I-AMOUNT
sent_001,dong,I-AMOUNT
sent_002,Ben,O
sent_002,cho,O
sent_002,thue,O
sent_002,la,O
sent_002,Cong,B-PARTY
sent_002,ty,I-PARTY
sent_002,C,I-PARTY
sent_002,thoi,O
sent_002,han,O
sent_002,tu,O
sent_002,01/01/2025,B-DATE
sent_002,den,O
sent_002,31/12/2025,B-DATE
sent_003,Gia,O
sent_003,tri,O
sent_003,hop,O
sent_003,dong,O
sent_003,la,O
sent_003,1.2,B-AMOUNT
sent_003,ty,I-AMOUNT
sent_003,dong,I-AMOUNT
sent_003,thanh,O
sent_003,toan,O
sent_003,truoc,O
sent_003,ngay,O
sent_003,10/05/2024,B-DATE
sent_004,Cong,B-PARTY
sent_004,ty,I-PARTY
sent_004,A,I-PARTY
sent_004,ky,O
sent_004,hop,O
sent_004,dong,O
sent_004,voi,O
sent_004,cong,B-PARTY
sent_004,ty,I-PARTY
sent_004,B,I-PARTY
sent_004,ngay,O
sent_004,15/03/2024,B-DATE
sent_004,tri,O
sent_004,gia,O
sent_004,500,B-AMOUNT
sent_004,trieu,I-AMOUNT
sent_004,dong,I-AMOUNT
sent_005,Ben,O
sent_005,cho,O
sent_005,thue,O
sent_005,la,O
sent_005,Cong,B-PARTY
sent_005,ty,I-PARTY
sent_005,C,I-PARTY
sent_005,thoi,O
sent_005,han,O
sent_005,tu,O
sent_005,01/01/2025,B-DATE
sent_005,den,O
sent_005,31/12/2025,B-DATE
sent_006,Gia,O
sent_006,tri,O
sent_006,hop,O
sent_006,dong,O
sent_006,la,O
sent_006,1.2,B-AMOUNT
sent_006,ty,I-AMOUNT
sent_006,dong,I-AMOUNT
sent_006,thanh,O
sent_006,toan,O
sent_006,truoc,O
sent_006,ngay,O
sent_006,10/05/2024,B-DATE
sent_007,Cong,B-PARTY
sent_007,ty,I-PARTY
sent_007,A,I-PARTY
sent_007,ky,O
sent_007,hop,O
sent_007,dong,O
sent_007,voi,O
sent_007,cong,B-PARTY
sent_007,ty,I-PARTY
sent_007,B,I-PARTY
sent_007,ngay,O
sent_007,15/03/2024,B-DATE
sent_007,tri,O
sent_007,gia,O
sent_007,500,B-AMOUNT
sent_007,trieu,I-AMOUNT
sent_007,dong,I-AMOUNT
sent_008,Ben,O
sent_008,cho,O
sent_008,thue,O
sent_008,la,O
sent_008,Cong,B-PARTY
sent_008,ty,I-PARTY
sent_008,C,I-PARTY
sent_008,thoi,O
sent_008,han,O
sent_008,tu,O
sent_008,01/01/2025,B-DATE
sent_008,den,O
sent_008,31/12/2025,B-DATE
sent_009,Gia,O
sent_009,tri,O
sent_009,hop,O
sent_009,dong,O
sent_009,la,O
sent_009,1.2,B-AMOUNT
sent_009,ty,I-AMOUNT
sent_009,dong,I-AMOUNT
sent_009,thanh,O
sent_009,toan,O
sent_009,truoc,O
sent_009,ngay,O
sent_009,10/05/2024,B-DATE
sent_010,Cong,B-PARTY
sent_010,ty,I-PARTY
sent_010,A,I-PARTY
sent_010,ky,O
sent_010,hop,O
sent_010,dong,O
sent_010,voi,O
sent_010,cong,B-PARTY
sent_010,ty,I-PARTY
sent_010,B,I-PARTY
sent_010,ngay,O
sent_010,15/03/2024,B-DATE
sent_010,tri,O
sent_010,gia,O
sent_010,500,B-AMOUNT
sent_010,trieu,I-AMOUNT
sent_010,dong,I-AMOUNT
sent_011,Ben,O
sent_011,cho,O
sent_011,thue,O
sent_011,la,O
sent_011,Cong,B-PARTY
sent_011,ty,I-PARTY
sent_011,C,I-PARTY
sent_011,thoi,O
sent_011,han,O
sent_011,tu,O
sent_011,01/01/2025,B-DATE
sent_011,den,O
sent_011,31/12/2025,B-DATE
sent_012,Gia,O
sent_012,tri,O
sent_012,hop,O
sent_012,dong,O
sent_012,la,O
sent_012,1.2,B-AMOUNT
sent_012,ty,I-AMOUNT
sent_012,dong,I-AMOUNT
sent_012,thanh,O
sent_012,toan,O
sent_012,truoc,O
sent_012,ngay,O
sent_012,10/05/2024,B-DATE
sent_013,Cong,B-PARTY
sent_013,ty,I-PARTY
sent_013,A,I-PARTY
sent_013,ky,O
sent_013,hop,O
sent_013,dong,O
sent_013,voi,O
sent_013,cong,B-PARTY
sent_013,ty,I-PARTY
sent_013,B,I-PARTY
sent_013,ngay,O
sent_013,15/03/2024,B-DATE
sent_013,tri,O
sent_013,gia,O
sent_013,500,B-AMOUNT
sent_013,trieu,I-AMOUNT
sent_013,dong,I-AMOUNT
sent_014,Ben,O
sent_014,cho,O
sent_014,thue,O
sent_014,la,O
sent_014,Cong,B-PARTY
sent_014,ty,I-PARTY
sent_014,C,I-PARTY
sent_014,thoi,O
sent_014,han,O
sent_014,tu,O
sent_014,01/01/2025,B-DATE
sent_014,den,O
sent_014,31/12/2025,B-DATE
sent_015,Gia,O
sent_015,tri,O
sent_015,hop,O
sent_015,dong,O
sent_015,la,O
sent_015,1.2,B-AMOUNT
sent_015,ty,I-AMOUNT
sent_015,dong,I-AMOUNT
sent_015,thanh,O
sent_015,toan,O
sent_015,truoc,O
sent_015,ngay,O
sent_015,10/05/2024,B-DATE
sent_016,Cong,B-PARTY
sent_016,ty,I-PARTY
sent_016,A,I-PARTY
sent_016,ky,O
sent_016,hop,O
sent_016,dong,O
sent_016,voi,O
sent_016,cong,B-PARTY
sent_016,ty,I-PARTY
sent_016,B,I-PARTY
sent_016,ngay,O
sent_016,15/03/2024,B-DATE
sent_016,tri,O
sent_016,gia,O
sent_016,500,B-AMOUNT
sent_016,trieu,I-AMOUNT
sent_016,dong,I-AMOUNT
sent_017,Ben,O
sent_017,cho,O
sent_017,thue,O
sent_017,la,O
sent_017,Cong,B-PARTY
sent_017,ty,I-PARTY
sent_017,C,I-PARTY
sent_017,thoi,O
sent_017,han,O
sent_017,tu,O
sent_017,01/01/2025,B-DATE
sent_017,den,O
sent_017,31/12/2025,B-DATE
sent_018,Gia,O
sent_018,tri,O
sent_018,hop,O
sent_018,dong,O
sent_018,la,O
sent_018,1.2,B-AMOUNT
sent_018,ty,I-AMOUNT
sent_018,dong,I-AMOUNT
sent_018,thanh,O
sent_018,toan,O
sent_018,truoc,O
sent_018,ngay,O
sent_018,10/05/2024,B-DATE
sent_019,Cong,B-PARTY
sent_019,ty,I-PARTY
sent_019,A,I-PARTY
sent_019,ky,O
sent_019,hop,O
sent_019,dong,O
sent_019,voi,O
sent_019,cong,B-PARTY
sent_019,ty,I-PARTY
sent_019,B,I-PARTY
sent_019,ngay,O
sent_019,15/03/2024,B-DATE
sent_019,tri,O
sent_019,gia,O
sent_019,500,B-AMOUNT
sent_019,trieu,I-AMOUNT
sent_019,dong,I-AMOUNT
sent_020,Ben,O
sent_020,cho,O
sent_020,thue,O
sent_020,la,O
sent_020,Cong,B-PARTY
sent_020,ty,I-PARTY
sent_020,C,I-PARTY
sent_020,thoi,O
sent_020,han,O
sent_020,tu,O
sent_020,01/01/2025,B-DATE
sent_020,den,O
sent_020,31/12/2025,B-DATE
sent_021,Gia,O
sent_021,tri,O
sent_021,hop,O
sent_021,dong,O
sent_021,la,O
sent_021,1.2,B-AMOUNT
sent_021,ty,I-AMOUNT
sent_021,dong,I-AMOUNT
sent_021,thanh,O
sent_021,toan,O
sent_021,truoc,O
sent_021,ngay,O
sent_021,10/05/2024,B-DATE
sent_022,Cong,B-PARTY
sent_022,ty,I-PARTY
sent_022,A,I-PARTY
sent_022,ky,O
sent_022,hop,O
sent_022,dong,O
sent_022,voi,O
sent_022,cong,B-PARTY
sent_022,ty,I-PARTY
sent_022,B,I-PARTY
sent_022,ngay,O
sent_022,15/03/2024,B-DATE
sent_022,tri,O
sent_022,gia,O
sent_022,500,B-AMOUNT
sent_022,trieu,I-AMOUNT
sent_022,dong,I-AMOUNT
sent_023,Ben,O
sent_023,cho,O
sent_023,thue,O
sent_023,la,O
sent_023,Cong,B-PARTY
sent_023,ty,I-PARTY
sent_023,C,I-PARTY
sent_023,thoi,O
sent_023,han,O
sent_023,tu,O
sent_023,01/01/2025,B-DATE
sent_023,den,O
sent_023,31/12/2025,B-DATE
sent_024,Gia,O
sent_024,tri,O
sent_024,hop,O
sent_024,dong,O
sent_024,la,O
sent_024,1.2,B-AMOUNT
sent_024,ty,I-AMOUNT
sent_024,dong,I-AMOUNT
sent_024,thanh,O
sent_024,toan,O
sent_024,truoc,O
sent_024,ngay,O
sent_024,10/05/2024,B-DATE
sent_025,Cong,B-PARTY
sent_025,ty,I-PARTY
sent_025,A,I-PARTY
sent_025,ky,O
sent_025,hop,O
sent_025,dong,O
sent_025,voi,O
sent_025,cong,B-PARTY
sent_025,ty,I-PARTY
sent_025,B,I-PARTY
sent_025,ngay,O
sent_025,15/03/2024,B-DATE
sent_025,tri,O
sent_025,gia,O
sent_025,500,B-AMOUNT
sent_025,trieu,I-AMOUNT
sent_025,dong,I-AMOUNT
sent_026,Ben,O
sent_026,cho,O
sent_026,thue,O
sent_026,la,O
sent_026,Cong,B-PARTY
sent_026,ty,I-PARTY
sent_026,C,I-PARTY
sent_026,thoi,O
sent_026,han,O
sent_026,tu,O
sent_026,01/01/2025,B-DATE
sent_026,den,O
sent_026,31/12/2025,B-DATE
sent_027,Gia,O
sent_027,tri,O
sent_027,hop,O
sent_027,dong,O
sent_027,la,O
sent_027,1.2,B-AMOUNT
sent_027,ty,I-AMOUNT
sent_027,dong,I-AMOUNT
sent_027,thanh,O
sent_027,toan,O
sent_027,truoc,O
sent_027,ngay,O
sent_027,10/05/2024,B-DATE
sent_028,Cong,B-PARTY
sent_028,ty,I-PARTY
sent_028,A,I-PARTY
sent_028,ky,O
sent_028,hop,O
sent_028,dong,O
sent_028,voi,O
sent_028,cong,B-PARTY
sent_028,ty,I-PARTY
sent_028,B,I-PARTY
sent_028,ngay,O
sent_028,15/03/2024,B-DATE
sent_028,tri,O
sent_028,gia,O
sent_028,500,B-AMOUNT
sent_028,trieu,I-AMOUNT
sent_028,dong,I-AMOUNT
sent_029,Ben,O
sent_029,cho,O
sent_029,thue,O
sent_029,la,O
sent_029,Cong,B-PARTY
sent_029,ty,I-PARTY
sent_029,C,I-PARTY
sent_029,thoi,O
sent_029,han,O
sent_029,tu,O
sent_029,01/01/2025,B-DATE
sent_029,den,O
sent_029,31/12/2025,B-DATE
sent_030,Gia,O
sent_030,tri,O
sent_030,hop,O
sent_030,dong,O
sent_030,la,O
sent_030,1.2,B-AMOUNT
sent_030,ty,I-AMOUNT
sent_030,dong,I-AMOUNT
sent_030,thanh,O
sent_030,toan,O
sent_030,truoc,O
sent_030,ngay,O
sent_030,10/05/2024,B-DATE
