input_text,output_text
Toi bi tru cuoc khong ro ly do,"Chao anh/chi, em kiem tra giup minh so thue bao va se phan hoi trong 24h."
Toi bi tru cuoc khong ro ly do,"Chao anh/chi, em kiem tra giup minh so thue bao va se phan hoi trong 24h."
Toi bi tru cuoc khong ro ly do,"Chao anh/chi, em kiem tra giup minh so thue bao va se phan hoi trong 24h."
Toi bi tru cuoc khong ro ly do,"Chao anh/chi, em kiem tra giup minh so thue bao va se phan hoi trong 24h."
Toi bi tru cuoc khong ro ly do,"Chao anh/chi, em kiem tra giup minh so thue bao va se phan hoi trong 24h."
Toi bi tru cuoc khong ro ly do,"Chao anh/chi, em kiem tra giup minh so thue bao va se phan hoi trong 24h."
Toi bi tru cuoc khong ro ly do,"Chao anh/chi, em kiem tra giup minh so thue bao va se phan hoi trong 24h."
Toi bi tru cuoc khong ro ly do,"Chao anh/chi, em kiem tra giup minh so thue bao va se phan hoi trong 24h."
Toi bi tru cuoc khong ro ly do,"Chao anh/chi, em kiem tra giup minh so thue bao va se phan hoi trong 24h."
Toi bi tru cuoc khong ro ly do,"Chao anh/chi, em kiem tra giup minh so thue bao va se phan hoi trong 24h."
Toi bi tru cuoc khong ro ly do,"Chao anh/chi, em kiem tra giup minh so thue bao va se phan hoi trong 24h."
Toi bi tru cuoc khong ro ly do,"Chao anh/chi, em kiem tra giup minh so thue bao va se phan hoi trong 24h."
Toi bi tru cuoc khong ro ly do,"Chao anh/chi, em kiem tra giup minh so thue bao va se phan hoi trong 24h."
Toi bi tru cuoc khong ro ly do,"Chao anh/chi, em kiem tra giup minh so thue bao va se phan hoi trong 24h."
Toi bi tru cuoc khong ro ly do,"Chao anh/chi, em kiem tra giup minh so thue bao va se phan hoi trong 24h."
Toi bi tru cuoc khong ro ly do,"Chao anh/chi, em kiem tra giup minh so thue bao va se phan hoi trong 24h."
Toi bi tru cuoc khong ro ly do,"Chao anh/chi, em kiem tra giup minh so thue bao va se phan hoi trong 24h."
Toi bi tru cuoc khong ro ly do,"Chao anh/chi, em kiem tra giup minh so thue bao va se phan hoi trong 24h."
Toi bi tru cuoc khong ro ly do,"Chao anh/chi, em kiem tra giup minh so thue bao va se phan hoi trong 24h."
Toi bi tru cuoc khong ro ly do,"Chao anh/chi, em kiem tra giup minh so thue bao va se phan hoi trong 24h."
Lam sao de doi goi cuoc dang dung,Anh/chi vao app hoac tong dai *101# de xem va doi goi cuoc phu hop.
Lam sao de doi goi cuoc dang dung,Anh/chi vao app hoac tong dai *101# de xem va doi goi cuoc phu hop.
Lam sao de doi goi cuoc dang dung,Anh/chi vao app hoac tong dai *101# de xem va doi goi cuoc phu hop.
Lam sao de doi goi cuoc dang dung,Anh/chi vao app hoac tong dai *101# de xem va doi goi cuoc phu hop.
Lam sao de doi goi cuoc dang dung,Anh/chi vao app hoac tong dai *101# de xem va doi goi cuoc phu hop.
Lam sao de doi goi cuoc dang dung,Anh/chi vao app hoac tong dai *101# de xem va doi goi cuoc phu hop.
Lam sao de doi goi cuoc dang dung,Anh/chi vao app hoac tong dai *101# de xem va doi goi cuoc phu hop.
Lam sao de doi goi cuoc dang dung,Anh/chi vao app hoac tong dai *101# de xem va doi goi cuoc phu hop.
Lam sao de doi goi cuoc dang dung,Anh/chi vao app hoac tong dai *101# de xem va doi goi cuoc phu hop.
Lam sao de doi goi cuoc dang dung,Anh/chi vao app hoac tong dai *101# de xem va doi goi cuoc phu hop.
Lam sao de doi goi cuoc dang dung,Anh/chi vao app hoac tong dai *101# de xem va doi goi cuoc phu hop.
Lam sao de doi goi cuoc dang dung,Anh/chi vao app hoac tong dai *101# de xem va doi goi cuoc phu hop.
Lam sao de doi goi cuoc dang dung,Anh/chi vao app hoac tong dai *101# de xem va doi goi cuoc phu hop.
Lam sao de doi goi cuoc dang dung,Anh/chi vao app hoac tong dai *101# de xem va doi goi cuoc phu hop.
Lam sao de doi goi cuoc dang dung,Anh/chi vao app hoac tong dai *101# de xem va doi goi cuoc phu hop.
Lam sao de doi goi cuoc dang dung,Anh/chi vao app hoac tong dai *101# de xem va doi goi cuoc phu hop.
Lam sao de doi goi cuoc dang dung,Anh/chi vao app hoac tong dai *101# de xem va doi goi cuoc phu hop.
Lam sao de doi goi cuoc dang dung,Anh/chi vao app hoac tong dai *101# de xem va doi goi cuoc phu hop.
Lam sao de doi goi cuoc dang dung,Anh/chi vao app hoac tong dai *101# de xem va doi goi cuoc phu hop.
Lam sao de doi goi cuoc dang dung,Anh/chi vao app hoac tong dai *101# de xem va doi goi cuoc phu hop.
Mang cham qua khong dung duoc,"Em ghi nhan phan anh, vui long cho biet khu vuc de kiem tra ha tang."
Mang cham qua khong dung duoc,"Em ghi nhan phan anh, vui long cho biet khu vuc de kiem tra ha tang."
Mang cham qua khong dung duoc,"Em ghi nhan phan anh, vui long cho biet khu vuc de kiem tra ha tang."
Mang cham qua khong dung duoc,"Em ghi nhan phan anh, vui long cho biet khu vuc de kiem tra ha tang."
Mang cham qua khong dung duoc,"Em ghi nhan phan anh, vui long cho biet khu vuc de kiem tra ha tang."
Mang cham qua khong dung duoc,"Em ghi nhan phan anh, vui long cho biet khu vuc de kiem tra ha tang."
Mang cham qua khong dung duoc,"Em ghi nhan phan anh, vui long cho biet khu vuc de kiem tra ha tang."
Mang cham qua khong dung duoc,"Em ghi nhan phan anh, vui long cho biet khu vuc de kiem tra ha tang."
Mang cham qua khong dung duoc,"Em ghi nhan phan anh, vui long cho biet khu vuc de kiem tra ha tang."
Mang cham qua khong dung duoc,"Em ghi nhan phan anh, vui long cho biet khu vuc de kiem tra ha tang."
Mang cham qua khong dung duoc,"Em ghi nhan phan anh, vui long cho biet khu vuc de kiem tra ha tang."
Mang cham qua khong dung duoc,"Em ghi nhan phan anh, vui long cho biet khu vuc de kiem tra ha tang."
Mang cham qua khong dung duoc,"Em ghi nhan phan anh, vui long cho biet khu vuc de kiem tra ha tang."
Mang cham qua khong dung duoc,"Em ghi nhan phan anh, vui long cho biet khu vuc de kiem tra ha tang."
Mang cham qua khong dung duoc,"Em ghi nhan phan anh, vui long cho biet khu vuc de kiem tra ha tang."
Mang cham qua khong dung duoc,"Em ghi nhan phan anh, vui long cho biet khu vuc de kiem tra ha tang."
Mang cham qua khong dung duoc,"Em ghi nhan phan anh, vui long cho biet khu vuc de kiem tra ha tang."
Mang cham qua khong dung duoc,"Em ghi nhan phan anh, vui long cho biet khu vuc de kiem tra ha tang."
Mang cham qua khong dung duoc,"Em ghi nhan phan anh, vui long cho biet khu vuc de kiem tra ha tang."
Mang cham qua khong dung duoc,"Em ghi nhan phan anh, vui long cho biet khu vuc de kiem tra ha tang."
Toi muon huy dich vu da dang ky,"Da nhan yeu cau huy, dich vu se ngung trong ky cuoc tiep theo."
Toi muon huy dich vu da dang ky,"Da nhan yeu cau huy, dich vu se ngung trong ky cuoc tiep theo."
Toi muon huy dich vu da dang ky,"Da nhan yeu cau huy, dich vu se ngung trong ky cuoc tiep theo."
Toi muon huy dich vu da dang ky,"Da nhan yeu cau huy, dich vu se ngung trong ky cuoc tiep theo."
Toi muon huy dich vu da dang ky,"Da nhan yeu cau huy, dich vu se ngung trong ky cuoc tiep theo."
Toi muon huy dich vu da dang ky,"Da nhan yeu cau huy, dich vu se ngung trong ky cuoc tiep theo."
Toi muon huy dich vu da dang ky,"Da nhan yeu cau huy, dich vu se ngung trong ky cuoc tiep theo."
Toi muon huy dich vu da dang ky,"Da nhan yeu cau huy, dich vu se ngung trong ky cuoc tiep theo."
Toi muon huy dich vu da dang ky,"Da nhan yeu cau huy, dich vu se ngung trong ky cuoc tiep theo."
Toi muon huy dich vu da dang ky,"Da nhan yeu cau huy, dich vu se ngung trong ky cuoc tiep theo."
Toi muon huy dich vu da dang ky,"Da nhan yeu cau huy, dich vu se ngung trong ky cuoc tiep theo."
Toi muon huy dich vu da dang ky,"Da nhan yeu cau huy, dich vu se ngung trong ky cuoc tiep theo."
Toi muon huy dich vu da dang ky,"Da nhan yeu cau huy, dich vu se ngung trong ky cuoc tiep theo."
Toi muon huy dich vu da dang ky,"Da nhan yeu cau huy, dich vu se ngung trong ky cuoc tiep theo."
Toi muon huy dich vu da dang ky,"Da nhan yeu cau huy, dich vu se ngung trong ky cuoc tiep theo."
Toi muon huy dich vu da dang ky,"Da nhan yeu cau huy, dich vu se ngung trong ky cuoc tiep theo."
Toi muon huy dich vu da dang ky,"Da nhan yeu cau huy, dich vu se ngung trong ky cuoc tiep theo."
Toi muon huy dich vu da dang ky,"Da nhan yeu cau huy, dich vu se ngung trong ky cuoc tiep theo."
Toi muon huy dich vu da dang ky,"Da nhan yeu cau huy, dich vu se ngung trong ky cuoc tiep theo."
Toi muon huy dich vu da dang ky,"Da nhan yeu cau huy, dich vu se ngung trong ky cuoc tiep theo."
Hoa don thang nay cao bat thuong,Em se doi chieu chi tiet cuoc goi/du lieu va phan hoi som nhat.
Hoa don thang nay cao bat thuong,Em se doi chieu chi tiet cuoc goi/du lieu va phan hoi som nhat.
Hoa don thang nay cao bat thuong,Em se doi chieu chi tiet cuoc goi/du lieu va phan hoi som nhat.
Hoa don thang nay cao bat thuong,Em se doi chieu chi tiet cuoc goi/du lieu va phan hoi som nhat.
Hoa don thang nay cao bat thuong,Em se doi chieu chi tiet cuoc goi/du lieu va phan hoi som nhat.
Hoa don thang nay cao bat thuong,Em se doi chieu chi tiet cuoc goi/du lieu va phan hoi som nhat.
Hoa don thang nay cao bat thuong,Em se doi chieu chi tiet cuoc goi/du lieu va phan hoi som nhat.
Hoa don thang nay cao bat thuong,Em se doi chieu chi tiet cuoc goi/du lieu va phan hoi som nhat.
Hoa don thang nay cao bat thuong,Em se doi chieu chi tiet cuoc goi/du lieu va phan hoi som nhat.
Hoa don thang nay cao bat thuong,Em se doi chieu chi tiet cuoc goi/du lieu va phan hoi som nhat.
Hoa don thang nay cao bat thuong,Em se doi chieu chi tiet cuoc goi/du lieu va phan hoi som nhat.
Hoa don thang nay cao bat thuong,Em se doi chieu chi tiet cuoc goi/du lieu va phan hoi som nhat.
Hoa don thang nay cao bat thuong,Em se doi chieu chi tiet cuoc goi/du lieu va phan hoi som nhat.
Hoa don thang nay cao bat thuong,Em se doi chieu chi tiet cuoc goi/du lieu va phan hoi som nhat.
Hoa don thang nay cao bat thuong,Em se doi chieu chi tiet cuoc goi/du lieu va phan hoi som nhat.
Hoa don thang nay cao bat thuong,Em se doi chieu chi tiet cuoc goi/du lieu va phan hoi som nhat.
Hoa don thang nay cao bat thuong,Em se doi chieu chi tiet cuoc goi/du lieu va phan hoi som nhat.
Hoa don thang nay cao bat thuong,Em se doi chieu chi tiet cuoc goi/du lieu va phan hoi som nhat.
Hoa don thang nay cao bat thuong,Em se doi chieu chi tiet cuoc goi/du lieu va phan hoi som nhat.
Hoa don thang nay cao bat thuong,Em se doi chieu chi tiet cuoc goi/du lieu va phan hoi som nhat.
